Theories,Time
absolute,0.02787159999999978
utility,0.18600799999999998
wellbeing,0.46478400000000003
