Theories,Time
absolute,2.381271
utility,4.548293800000001
wellbeing,4.6648694
