Theories,Time
absolute,0.13000639999999994
utility,0.15828419999999982
wellbeing,0.4106478000000002
