Theories,Time
absolute,2.3274084000000004
utility,4.4881154
wellbeing,4.6341849999999996
